Symbol,URL,Next Report Date,Report Period,EPS Estimate,Revenue Estimate
A,https://www.tradingview.com/symbols/NASDAQ-A/,—,—,—,—
AA,https://www.tradingview.com/symbols/NASDAQ-AA/,—,—,—,—
AACB,https://www.tradingview.com/symbols/NASDAQ-AACB/,—,—,—,—
AACT,https://www.tradingview.com/symbols/NASDAQ-AACT/,—,—,—,—
AAL,https://www.tradingview.com/symbols/NASDAQ-AAL/,—,—,—,—
AAM,https://www.tradingview.com/symbols/NASDAQ-AAM/,—,—,—,—
AAME,https://www.tradingview.com/symbols/NASDAQ-AAME/,—,—,—,—
AAMI,https://www.tradingview.com/symbols/NASDAQ-AAMI/,—,—,—,—
AAOI,https://www.tradingview.com/symbols/NASDAQ-AAOI/,—,—,—,—
AAON,https://www.tradingview.com/symbols/NASDAQ-AAON/,—,—,—,—
